"user_id","password","first_name","last_name"
"0","ee6ce49420107f45af39050d7cb69322","Dummy0","D"
"1","60f9fdd03b313977ab1b90fdbb694e6a","Dummy1","D"
"2","e7a89f172ccd36dd9d384d95d4c1b154","Dummy2","D"
"3","09f99f99c7a72c779a15d06cedbeaa30","Dummy3","D"
"4","96d48a03db0b737046ad8c9e67603526","Dummy4","D"
"5","ce5f21caff649c1fc40a64212d61898b","Dummy5","D"
"6","6e20168ef3d5e024246a7155eff9630f","Dummy6","D"
"7","88f155839dcfb6a6b86a876a232a92c8","Dummy7","D"
"8","228e0092283fed0b2c80550e0c43cd16","Dummy8","D"
"9","80e30e383c9265e5a1057a67cf658790","Dummy9","D"
"10","55f53687cda7ce8629eca7d8990fb21e","Dummy10","D"
"11","4fac31f41fe7d859a6cfd035f7e10cc8","Dummy11","D"
"12","e1ac31a33e0b43d39e873cd63e42533b","Dummy12","D"
"13","58e514bc82b1c4642758a081282855dd","Dummy13","D"
"14","b99d2c4e2f00000989ccfa5a201b48fc","Dummy14","D"
"15","899903b4c4040137f084cfe2612da41d","Dummy15","D"
"16","b220416b1b17a0e48723ce9199007969","Dummy16","D"
"17","2c40ca7fb71c9f7e439433cef6cd30b0","Dummy17","D"
"18","8c2a8c4cb1e7d6b7d79c5e6a03e82cb2","Dummy18","D"
"19","c870b2c88cdab91e0578cee57a690c8e","Dummy19","D"
"20","7fb5fc82c8172ae3ff359d767325de59","Dummy20","D"
"21","0fcc1244ae61c6071e8e8c1866d92dfc","Dummy21","D"
"22","8edfe4f7a8efd0b8e9848011e3e11b4c","Dummy22","D"
"23","9c1cf84e3c92d5da79a7c27f5de11303","Dummy23","D"
"24","a589c417d161a9d49ad97b89ec38ae78","Dummy24","D"
"25","95ad596e94e4fd8e1872f7ff6df60b39","Dummy25","D"
"26","0da020e67f37c106bbd2e386bc304b84","Dummy26","D"
"27","18966232cc3adbe46585645c56aeb6d7","Dummy27","D"
"28","bb0f6919abe1749ed78417efeae3c285","Dummy28","D"
"29","d7b3fb393b2c2973cf8966dbf65b35d6","Dummy29","D"
"30","73418895ba1ed6a5600a26f4fd738d90","Dummy30","D"
"31","d366ac3a4bcb80cf985f93784181382e","Dummy31","D"
"32","3ea27c3c10c0ee6a00949dd1a82b90ed","Dummy32","D"
"33","f1f8a565dc9edf8ce53c91fbab27f9bf","Dummy33","D"
"34","59759c03a257e59c2002be59c38e8ffe","Dummy34","D"
"35","24e497268aeab942fa2f84325d03d8f2","Dummy35","D"
"36","33104e41511f618817c5d313d541eb5f","Dummy36","D"
"37","7a46782167b459b14805b66b34f21e6c","Dummy37","D"
"38","58761d1c41e6b2c8bb9f859019bf9006","Dummy38","D"
"39","ead1940ded4b715a85d3802406f3c0ee","Dummy39","D"
"40","0a99fe22bc734c3651cf9d571f5cae1a","Dummy40","D"
"41","b0309ca5b46c80b57572dd736a25734d","Dummy41","D"
"42","582205f0d18552528245a274413ed702","Dummy42","D"
"43","07daf07ec9f5625c0360cee473efacff","Dummy43","D"
"44","93a3622fd3752a33bfc0914aab8ea3c1","Dummy44","D"
"45","f68aa1bab28a521b1816df5684637486","Dummy45","D"
"46","effc35a6d5c46c3a5fa58a0d8f87dcfc","Dummy46","D"
"47","8ad73945812e61469473ebb85c62c567","Dummy47","D"
"48","2c7b3fe39cad9a083b9278354d7df38d","Dummy48","D"
"49","85a6aaae41d8f968a232fa0015e08ae1","Dummy49","D"
"50","cb5df8c6a20e658b62c56c1f4f6a8fef","Dummy50","D"
"51","22851cd5283d0a9142f9816534fd3274","Dummy51","D"
"52","e1b215a5bee747e30103416ef4252bdf","Dummy52","D"
"53","b3b0bc31c80619d0fda843801d374011","Dummy53","D"
"54","5f08b1f73fd1eb13769bf37d987badd1","Dummy54","D"
"55","84ccb1257b5ea029164312a5c6e6f74b","Dummy55","D"
"56","e6d2eb5750e95452884f4387f9045b2c","Dummy56","D"
"57","256fa4f3bb02f318ae66a7eeb389bdba","Dummy57","D"
"58","342736a75582634037d63d92916fd99b","Dummy58","D"
"59","4a14d2919dcabee9825c65d8aa28f75e","Dummy59","D"
"60","c7af7389ab6dfefcc75f4c1b6555ec33","Dummy60","D"
"61","218a7a42634b8b34d76807c26abb3a15","Dummy61","D"
"62","8e4958d4571dd66db19fec46c18b1fd6","Dummy62","D"
"63","23e8963a35cbec10054c0b772700ff88","Dummy63","D"
"64","cc7f11f18ec295a1128ad587d1f505b4","Dummy64","D"
"65","3b71924e12df2c5338565a1aff52bb0c","Dummy65","D"
"66","22c59dd2caa60688bbadae79b3ecf8f5","Dummy66","D"
"67","51124e9fdbb6b7050c63a5fb30289551","Dummy67","D"
"68","6cf390781d2837ba0322fed6f7e18e3b","Dummy68","D"
"69","2abb987c57c44554d3a36379f64def92","Dummy69","D"
"70","dec2dbe1f9d520c7fa72bff31cfa2200","Dummy70","D"
"71","c9560e3f461ded92f85939a9edafa39d","Dummy71","D"
"72","705bb112ccbccbbf663a8524bc101ff2","Dummy72","D"
"73","abff42e82a356cadc27a933a7bb755b6","Dummy73","D"
"74","e632ab011b93119ebf6cd23324a6f674","Dummy74","D"
"75","72687ffa0e987a546d4be60c0579f196","Dummy75","D"
"76","c846dd1e4092226d865ab26b6b81f2fc","Dummy76","D"
"77","3cc88c42378ecda0d7aa8bf9891590e9","Dummy77","D"
"78","33714529b56116fcfffd679dafc57b3d","Dummy78","D"
"79","cc1a810cf85b3e4822ef2371dd5cac59","Dummy79","D"
"80","49a63636619d91dd7de6e3943ba129ae","Dummy80","D"
"81","70ea5f05c7fca9fe55d59fe2717053df","Dummy81","D"
"82","2dfb7c94ab2d640fd373f1e4b045b5c8","Dummy82","D"
"83","2f2caf1027fdf38614d4ffbd16ccdcbd","Dummy83","D"
"84","dc4430cb02d1677f2092961bcaf3bd14","Dummy84","D"
"85","56e827c87a136032e7346964012ea73a","Dummy85","D"
"86","aee2a12ec44544d9e32df17f49791e2e","Dummy86","D"
"87","88d02145565e8ad3ee3afe430c40f6ff","Dummy87","D"
"88","6a7a09c403d09f5f91262f5efd5dcf7e","Dummy88","D"
"89","206b843b670a0cfcdec450f585343b16","Dummy89","D"
"90","91a9bbf0ba1fb116e7b5fbacc31d1f42","Dummy90","D"
"91","19c1abb98b038db43aa38fa2d175c9d5","Dummy91","D"
"92","2eb2c9617f0a1dbeda3ab38bea84f83b","Dummy92","D"
"93","7a5dd280f4bca71aa79345622e2d17d9","Dummy93","D"
"94","4d8ac06147144d596c049dddc1d79a77","Dummy94","D"
"95","cb9fbeb61c44c5e36be365c5003af96c","Dummy95","D"
"96","95931234d61e6b375d462f4977adbed0","Dummy96","D"
"97","4acab41e9933b92e5b1a2e1b00748cd9","Dummy97","D"
"98","5f02b14855f0e4e8bd0ce6af9bc98bcd","Dummy98","D"
"99","41a9b98f6f4fce2ffbb53f5fa978df12","Dummy99","D"